Dp,Commune,Habitants,densite
01,Abergement-Clémenciat ,579,36
01,Abergement-de-Varey ,159,17
01,Ambérieu-en-Bugey,10455,425
01,Ambérieux-en-Dombes,1156,73
01,Ambléon,76,13
01,Ambronay,1996,59
01,Ambutrix,595,114
01,Andert-et-Condon,262,38
01,Anglefort,687,23
01,Apremont,341,23
01,Aranc,291,13
01,Arandas,128,9
01,Arbent,3369,143
01,Arbignieu,387,30
01,Arbigny,314,18
01,Argis,405,52
01,Armix,14,2
01,Ars-sur-Formans,851,155
01,Artemare,961,256
01,Asnières-sur-Saône,68,15
01,Attignat,1776,95
01,Bâgé-la-Ville,1959,49
01,Bâgé-le-Châtel,751,853
01,Balan,1668,92
01,Baneins,377,42
01,Beaupont,422,30
01,Beauregard,868,923
01,Bellignat,3233,413
01,Béligneux,2319,174
01,Bellegarde-sur-Valserine,11153,731
01,Belley,7807,348
01,Belleydoux,232,13
01,Belmont-Luthézieu,308,16
01,Bénonces,249,16
01,Bény,587,32
01,Béon,348,34
01,Béréziat,308,28
01,Bettant,703,209
01,Bey,195,70
01,Beynost,3141,295
01,Billiat,396,29
01,Birieux,125,8
01,Biziat,574,50
01,Blyes,535,57
01,Boisse ,2419,257
01,Boissey,206,23
01,Bolozon,93,19
01,Bouligneux,274,11
01,Bourg-en-Bresse,40972,1717
01,Bourg-St-Christophe,716,80
01,Boyeux-St-Jérôme,241,14
01,Boz,352,48
01,Brégnier-Cordon,511,46
01,Brénaz,95,10
01,Brénod,385,16
01,Brens,638,92
01,Bressolles,480,62
01,Brion,587,131
01,Briord,618,50
01,Buellas,1162,114
01,Burbanche ,60,6
01,Ceignes,160,16
01,Cerdon,672,55
01,Certines,916,58
01,Cessy,1763,276
01,Ceyzériat,2058,220
01,Ceyzérieu,766,39
01,Chalamont,1476,45
01,Chaleins,754,44
01,Chaley,107,23
01,Challes,193,25
01,Challex,967,112
01,Champagne-en-Valromey,667,37
01,Champdor,459,26
01,Champfromier,440,14
01,Chanay,410,23
01,Chaneins,478,38
01,Chanoz-Châtenay,476,35
01,Chapelle-du-Châtelard ,247,18
01,Charix,261,14
01,Charnoz-sur-Ain,416,63
01,Château-Gaillard,1027,64
01,Châtenay,276,18
01,Châtillon-en-Michaille,2189,58
01,Châtillon-la-Palud,874,62
01,Châtillon-sur-Chalaronne,3786,211
01,Chavannes-sur-Reyssouze,565,34
01,Chavannes-sur-Suran,419,19
01,Chaveyriat,766,45
01,Chavornay,175,23
01,Chazey-Bons,684,65
01,Chazey-sur-Ain,895,41
01,Cheignieu-la-Balme,110,18
01,Chevillard,137,21
01,Chevroux,586,34
01,Chevry,733,126
01,Chézery-Forens,357,8
01,Civrieux,954,48
01,Cize,112,25
01,Cleyzieu,84,11
01,Coligny,1117,66
01,Collonges,1000,62
01,Colomieu,114,19
01,Conand,56,4
01,Condamine,248,53
01,Condeissiat,581,27
01,Confort,449,39
01,Confrançon,805,44
01,Contrevoz,416,29
01,Conzieu,79,11
01,Corbonod,841,27
01,Corcelles,207,15
01,Corlier,76,14
01,Cormaranche-en-Bugey,704,37
01,Cormoranche-sur-Saône,780,79
01,Cormoz,502,26
01,Corveissiat,437,19
01,Courmangoux,327,22
01,Courtes,194,21
01,Crans,209,16
01,Cras-sur-Reyssouze,846,61
01,Cressin-Rochefort,250,32
01,Crottet,1313,108
01,Crozet,1164,42
01,Cruzilles-lès-Mépillat,580,49
01,Culoz,2639,136
01,Curciat-Dongalon,449,19
01,Curtafond,422,34
01,Cuzieu,240,49
01,Dagneux,3317,499
01,Divonne-les-Bains,5580,165
01,Dommartin,537,31
01,Dompierre-sur-Veyle,828,28
01,Dompierre-sur-Chalaronne,268,56
01,Domsure,436,29
01,Dortan,2107,116
01,Douvres,606,115
01,Drom,146,19
01,Druillat,823,40
01,Echallon,550,20
01,Echenevex,997,61
01,Etrez,510,42
01,Evosges,101,8
01,Faramans,482,43
01,Fareins,1545,188
01,Farges,559,39
01,Feillens,2624,176
01,Ferney-Voltaire,6408,1341
01,Flaxieu,53,19
01,Foissiat,1481,37
01,Amareins-Francheleins-Cesseins,826,61
01,Frans,1549,194
01,Garnerans,484,56
01,Genouilleux,320,78
01,Géovreissiat,455,97
01,Géovreisset,450,129
01,Germagnat,86,9
01,Gex,6615,207
01,Giron,88,9
01,Gorrevod,512,74
01,Grand-Abergement ,96,3
01,Grand-Corent,104,15
01,Grièges,1606,108
01,Grilly,634,85
01,Groissiat,611,97
01,Groslée,286,39
01,Guéreins,995,221
01,Hautecourt-Romanèche,588,27
01,Hauteville-Lompnes,3895,77
01,Hostias,56,5
01,Hotonnes,268,9
01,Illiat,396,19
01,Injoux-Génissiat,940,32
01,Innimond,81,6
01,Izenave,130,10
01,Izernore,1170,56
01,Izieu,161,21
01,Jassans-Riottier,4609,958
01,Jasseron,1079,57
01,Jayat,650,40
01,Journans,286,118
01,Joyeux,171,10
01,Jujurieux,1602,104
01,Labalme,120,14
01,Lagnieu,5686,209
01,Laiz,806,78
01,Lalleyriat,191,13
01,Lancrans,815,84
01,Lantenay,235,36
01,Lapeyrouse,207,10
01,Lavours,108,17
01,Léaz,461,40
01,Lélex,232,13
01,Lent,1043,33
01,Lescheroux,527,26
01,Leyment,822,58
01,Leyssard,113,12
01,Lhôpital,53,14
01,Lhuis,587,24
01,Lochieu,69,10
01,Lompnas,137,11
01,Lompnieu,97,9
01,Loyettes,2256,106
01,Lurcy,199,41
01,Magnieu,290,47
01,Maillat,623,55
01,Malafretaz,624,68
01,Mantenay-Montlin,256,24
01,Manziat,1482,117
01,Marboz,2026,50
01,Marchamp,106,8
01,Marignieu,138,39
01,Marlieux,633,38
01,Marsonnas,728,40
01,Martignat,1003,76
01,Massieux,1782,575
01,Massignieu-de-Rives,412,43
01,Matafelon-Granges,406,19
01,Meillonnas,1051,59
01,Mérignat,85,27
01,Messimy-sur-Saône,827,139
01,Meximieux,6230,453
01,Bohas-Meyriat-Rignat,657,28
01,Mézériat,1995,104
01,Mijoux,258,12
01,Mionnay,1103,56
01,Miribel,7683,314
01,Misérieux,1224,165
01,Mogneneins,491,57
01,Montagnat,1173,85
01,Montagnieu,356,57
01,Montanges,248,18
01,Montceaux,672,67
01,Montcet,420,63
01,Montellier ,170,11
01,Monthieux,344,32
01,Montluel,5954,148
01,Montmerle-sur-Saône,2596,624
01,Montracol,551,38
01,Montréal-la-Cluse,3496,272
01,Montrevel-en-Bresse,1973,192
01,Nurieux-Volognat,856,44
01,Murs-et-Gélignieux,188,29
01,Nantua,3602,282
01,Nattages,322,31
01,Neuville-les-Dames,1141,43
01,Neuville-sur-Ain,1151,58
01,Neyrolles ,615,65
01,Neyron,1723,321
01,Niévroz,1061,101
01,Nivollet-Montgriffon,66,8
01,Oncieu,68,9
01,Ordonnaz,115,8
01,Ornex,2263,401
01,Outriaz,275,47
01,Oyonnax,23869,663
01,Ozan,408,62
01,Parcieux,784,250
01,Parves,286,52
01,Péron,1202,46
01,Péronnas,5352,305
01,Pérouges,851,45
01,Perrex,714,64
01,Petit-Abergement ,141,5
01,Peyriat,154,26
01,Peyrieu,560,40
01,Peyzieux-sur-Saône,245,28
01,Pirajoux,304,23
01,Pizay,433,39
01,Plagne,73,12
01,Plantay ,344,17
01,Poizat ,270,15
01,Polliat,2025,101
01,Pollieu,108,29
01,Poncin,1229,62
01,Pont-d'Ain,2258,201
01,Pont-de-Vaux,1913,254
01,Pont-de-Veyle,1421,732
01,Port,773,182
01,Pougny,600,77
01,Pouillat,38,6
01,Prémeyzel,190,25
01,Prémillieu,40,5
01,Pressiat,155,26
01,Prévessin-Moëns,3723,308
01,Priay,948,60
01,Pugieu,123,25
01,Ramasse,189,19
01,Rancé,410,43
01,Relevant,327,26
01,Replonges,2687,162
01,Revonnas,438,57
01,Reyrieux,3057,195
01,Reyssouze,709,74
01,Rignieux-le-Franc,743,49
01,Romans,480,22
01,Rossillon,103,13
01,Ruffieu,144,10
01,St-Alban,122,15
01,St-André-de-Bâgé,437,162
01,St-André-de-Corcy,2547,123
01,St-André-d'Huiriat,368,41
01,St-André-le-Bouchoux,171,18
01,St-André-sur-Vieux-Jonc,979,40
01,St-Bénigne,823,50
01,St-Benoît,488,23
01,St-Bernard,872,277
01,St-Bois,113,12
01,St-Champ,143,28
01,Ste-Croix,365,34
01,St-Cyr-sur-Menthon,1243,73
01,St-Denis-lès-Bourg,4145,329
01,St-Denis-en-Bugey,1780,682
01,St-Didier-d'Aussiat,594,39
01,St-Didier-de-Formans,1288,197
01,St-Didier-sur-Chalaronne,2065,83
01,St-Eloi,358,25
01,St-Etienne-du-Bois,1982,70
01,St-Etienne-sur-Chalaronne,1037,49
01,St-Etienne-sur-Reyssouze,376,27
01,Ste-Euphémie,857,186
01,St-Genis-Pouilly,5696,583
01,St-Genis-sur-Menthon,324,28
01,St-Georges-sur-Renon,126,22
01,St-Germain-de-Joux,465,41
01,St-Germain-les-Paroisses,273,17
01,St-Germain-sur-Renon,190,12
01,St-Jean-de-Gonville,1001,81
01,St-Jean-de-Niost,810,57
01,St-Jean-de-Thurigneux,504,31
01,St-Jean-le-Vieux,1274,83
01,St-Jean-sur-Reyssouze,541,20
01,St-Jean-sur-Veyle,926,83
01,Ste-Julie,529,47
01,St-Julien-sur-Reyssouze,532,71
01,St-Julien-sur-Veyle,522,53
01,St-Just,614,182
01,St-Laurent-sur-Saône,1710,3226
01,St-Marcel,786,68
01,St-Martin-de-Bavel,327,38
01,St-Martin-du-Frêne,971,51
01,St-Martin-du-Mont,1179,42
01,St-Martin-le-Châtel,555,43
01,St-Maurice-de-Beynost,3468,496
01,St-Maurice-de-Gourdans,1575,62
01,St-Maurice-de-Rémens,613,59
01,St-Nizier-le-Bouchoux,625,22
01,St-Nizier-le-Désert,484,19
01,Ste-Olive,196,27
01,St-Paul-de-Varax,1081,42
01,St-Rambert-en-Bugey,2112,74
01,St-Rémy,668,91
01,St-Sorlin-en-Bugey,832,92
01,St-Sulpice,102,19
01,St-Trivier-de-Courtes,1064,64
01,St-Trivier-sur-Moignans,1471,35
01,St-Vulbas,710,33
01,Salavre,246,32
01,Samognat,285,20
01,Sandrans,346,12
01,Sault-Brénaz,1014,181
01,Sauverny,1067,565
01,Savigneux,792,54
01,Ségny,1211,374
01,Seillonnaz,120,13
01,Sergy,1201,127
01,Sermoyer,522,31
01,Serrières-de-Briord,834,104
01,Serrières-sur-Ain,71,9
01,Servas,879,67
01,Servignat,136,17
01,Seyssel,817,340
01,Simandre-sur-Suran,574,35
01,Songieu,101,5
01,Sonthonnax-la-Montagne,242,17
01,Souclin,197,15
01,Sulignat,434,40
01,Surjoux,70,16
01,Sutrieu,209,11
01,Talissieu,401,84
01,Tenay,1356,103
01,Thézillieu,297,11
01,Thil,769,149
01,Thoiry,3015,104
01,Thoissey,1306,975
01,Torcieu,569,53
01,Tossiat,979,96
01,Toussieux,437,92
01,Tramoyes,1136,88
01,Tranclière ,254,17
01,Treffort-Cuisiat,1779,45
01,Trévoux,6092,1067
01,Valeins,61,14
01,Vandeins,415,44
01,Varambon,353,44
01,Vaux-en-Bugey,881,107
01,Verjon,235,46
01,Vernoux,148,15
01,Versailleux,219,12
01,Versonnex,1866,317
01,Vesancy,363,34
01,Vescours,184,15
01,Vésines,108,28
01,Vieu-d'Izenave,524,22
01,Vieu,293,45
01,Villars-les-Dombes,3415,139
01,Villebois,924,64
01,Villemotier,419,30
01,Villeneuve,845,32
01,Villereversure,1003,57
01,Villes,226,25
01,Villette-sur-Ain,412,21
01,Villieu-Loyes-Mollon,2182,137
01,Viriat,4701,104
01,Virieu-le-Grand,922,73
01,Virieu-le-Petit,279,17
01,Virignin,550,70
01,Vongnes,92,45
01,Vonnas,2381,134
02,Abbécourt,467,78
02,Achery,564,82
02,Acy,985,84
02,Agnicourt-et-Séchelles,209,19
02,Aguilcourt,328,31
02,Aisonville-et-Bernoville,216,25
02,Aizelles,81,17
02,Aizy-Jouy,230,16
02,Alaincourt,521,88
02,Allemant,136,27
02,Ambleny,1119,65
02,Ambrief,91,20
02,Amifontaine,351,13
02,Amigny-Rouy,693,53
02,Ancienville,34,9
02,Andelain,163,56
02,Anguilcourt-le-Sart,278,30
02,Anizy-le-Château,1896,200
02,Annois,372,63
02,Any-Martin-Rieux,525,30
02,Archon,87,14
02,Arcy-Ste-Restitue,328,12
02,Armentières-sur-Ourcq,85,12
02,Arrancy,42,8
02,Artemps,347,55
02,Artonges,134,10
02,Assis-sur-Serre,257,32
02,Athies-sous-Laon,2124,138
02,Attilly,401,34
02,Aubencheul-aux-Bois,275,130
02,Aubenton,826,35
02,Aubigny-aux-Kaisnes,263,71
02,Aubigny-en-Laonnois,120,27
02,Audignicourt,94,17
02,Audigny,214,20
02,Augy,62,24
02,Aulnois-sous-Laon,1146,114
02,Autels ,99,17
02,Autremencourt,125,14
02,Autreppes,150,22
02,Autreville,749,211
02,Azy-sur-Marne,372,134
02,Bagneux,61,28
02,Bancigny,39,12
02,Barenton-Bugny,578,51
02,Barenton-Cel,141,21
02,Barenton-sur-Serre,106,13
02,Barisis,689,46
02,Barzy-en-Thiérache,308,40
02,Barzy-sur-Marne,359,48
02,Bassoles-Aulers,121,17
02,Baulne-en-Brie,219,12
02,Bazoches-sur-Vesles,351,37
02,Beaumé,113,12
02,Beaumont-en-Beine,138,26
02,Beaurevoir,1425,66
02,Beaurieux,654,67
02,Beautor,3114,419
02,Beauvois-en-Vermandois,304,40
02,Becquigny,253,54
02,Belleau,134,20
02,Bellenglise,441,69
02,Belleu,4083,901
02,Bellicourt,664,68
02,Benay,206,30
02,Bergues-sur-Sambre,211,48
02,Berlancourt,112,22
02,Berlise,108,16
02,Bernot,459,28
02,Berny-Rivière,528,67
02,Berrieux,162,33
02,Berry-au-Bac,509,63
02,Bertaucourt-Epourdon,462,62
02,Berthenicourt,200,65
02,Bertricourt,66,15
02,Berzy-le-Sec,365,31
02,Besmé,136,51
02,Besmont,165,10
02,Besny-et-Loizy,314,32
02,Béthancourt-en-Vaux,353,82
02,Beugneux,75,10
02,Beuvardes,642,41
02,Bézu-le-Guéry,165,15
02,Bézu-St-Germain,413,37
02,Bichancourt,902,117
02,Bieuxy,21,5
02,Bièvres,84,32
02,Billy-sur-Aisne,1279,171
02,Billy-sur-Ourcq,208,20
02,Blanzy-lès-Fismes,79,15
02,Blérancourt,1270,118
02,Blesmes,339,35
02,Bohain-en-Vermandois,6955,219
02,Bois-lès-Pargny,194,19
02,Boncourt,237,18
02,Bonneil,336,159
02,Bonnesvalyn,203,32
02,Bony,101,13
02,Bosmont-sur-Serre,197,20
02,Bouconville-Vauclair,170,13
02,Boué,1369,131
02,Bouffignereux,111,25
02,Bouresches,166,22
02,Bourg-et-Comin,535,104
02,Bourguignon-sous-Coucy,99,35
02,Bourguignon-sous-Montbavin,147,77
02,Bouteille ,502,26
02,Braine,2090,180
02,Brancourt-en-Laonnois,710,108
02,Brancourt-le-Grand,569,43
02,Brasles,1206,162
02,Braye-en-Laonnois,192,24
02,Braye-en-Thiérache,175,19
02,Bray-St-Christophe,72,25
02,Braye,133,99
02,Brécy,284,28
02,Brenelle,184,42
02,Breny,212,47
02,Brie,60,21
02,Brissay-Choigny,318,35
02,Brissy-Hamégicourt,715,58
02,Brumetz,166,23
02,Brunehamel,508,57
02,Bruyères-sur-Fère,213,24
02,Bruyères-et-Montbérault,1410,121
02,Bruys,26,5
02,Bucilly,246,19
02,Bucy-le-Long,1841,143
02,Bucy-lès-Cerny,188,22
02,Bucy-lès-Pierrepont,432,30
02,Buire,868,210
02,Buironfosse,1258,71
02,Burelles,182,13
02,Bussiares,75,10
02,Buzancy,188,40
02,Caillouël-Crépigny,457,69
02,Camelin,401,44
02,Capelle ,2149,175
02,Castres,156,27
02,Catelet ,223,544
02,Caulaincourt,110,18
02,Caumont,482,84
02,Celles-lès-Condé,78,20
02,Celle-sous-Montmirail ,82,14
02,Celles-sur-Aisne,216,35
02,Cerizy,64,16
02,Cerny-en-Laonnois,49,7
02,Cerny-lès-Bucy,113,35
02,Cerseuil,72,16
02,Cessières,416,40
02,Chacrise,320,25
02,Chaillevois,174,80
02,Chalandry,225,29
02,Chambry,709,80
02,Chamouille,147,44
02,Champs,291,32
02,Chaourse,522,28
02,Chapelle-Monthodon ,173,12
02,Chapelle-sur-Chézy ,182,23
02,Charly,2475,121
02,Charmel ,268,27
02,Charmes,1855,507
02,Chartèves,303,35
02,Chassemy,674,62
02,Château-Thierry,15312,925
02,Châtillon-lès-Sons,82,8
02,Châtillon-sur-Oise,139,53
02,Chaudardes,68,14
02,Chaudun,287,34
02,Chauny,12926,973
02,Chavignon,769,67
02,Chavigny,159,30
02,Chavonne,153,42
02,Chérêt,122,33
02,Chermizy-Ailles,79,7
02,Chéry-Chartreuve,293,21
02,Chéry-lès-Pouilly,702,41
02,Chéry-lès-Rozoy,100,21
02,Chevennes,136,22
02,Chevregny,178,20
02,Chevresis-Monceau,348,21
02,Chézy-en-Orxois,324,20
02,Chézy-sur-Marne,1257,56
02,Chierry,1120,397
02,Chigny,175,17
02,Chivres-en-Laonnois,321,24
02,Chivres-Val,596,108
02,Chivy-lès-Etouvelles,515,145
02,Chouy,269,13
02,Cierges,81,10
02,Cilly,265,28
02,Ciry-Salsogne,629,70
02,Clacy-et-Thierret,359,85
02,Clairfontaine,514,36
02,Clamecy,292,86
02,Clastres,559,68
02,Clermont-les-Fermes,130,14
02,Coeuvres-et-Valsery,449,36
02,Coincy,1039,60
02,Coingt,113,15
02,Colligis-Crandelain,152,23
02,Colonfay,86,26
02,Commenchon,160,48
02,Concevreux,159,13
02,Condé-en-Brie,591,130
02,Condé-sur-Aisne,318,85
02,Condé-sur-Suippe,279,48
02,Condren,725,130
02,Connigis,256,47
02,Contescourt,79,23
02,Corbeny,591,39
02,Corcy,254,35
02,Coucy-le-Château-Auffrique,1058,92
02,Coucy-lès-Eppes,581,96
02,Coucy-la-Ville,189,31
02,Coulonges-Cohan,384,13
02,Coupru,123,16
02,Courbes,40,13
02,Courboin,239,17
02,Courcelles-sur-Vesles,270,31
02,Courchamps,107,39
02,Courmelles,1915,283
02,Courmont,106,11
02,Courtemont-Varennes,289,48
02,Courtrizy-et-Fussigny,58,14
02,Couvrelles,170,23
02,Couvron-et-Aumencourt,899,67
02,Coyolles,370,15
02,Cramaille,108,13
02,Craonne,68,8
02,Craonnelle,97,16
02,Crécy-au-Mont,294,25
02,Crécy-sur-Serre,1542,86
02,Crépy,1574,57
02,Crézancy,1033,146
02,Croix-Fonsommes,210,22
02,Croix-sur-Ourcq ,117,11
02,Crouttes-sur-Marne,594,137
02,Crouy,2819,272
02,Crupilly,76,22
02,Cuffies,1320,263
02,Cugny,501,53
02,Cuirieux,142,22
02,Cuiry-Housse,99,12
02,Cuiry-lès-Chaudardes,35,7
02,Cuiry-lès-Iviers,40,8
02,Cuissy-et-Geny,72,14
02,Cuisy-en-Almont,321,35
02,Cutry,88,18
02,Cys-la-Commune,120,27
02,Dagny-Lambercy,160,16
02,Dallon,395,68
02,Dammard,441,55
02,Dampleux,345,42
02,Danizy,560,125
02,Dercy,361,32
02,Deuillet,159,42
02,Dhuizel,101,15
02,Dizy-le-Gros,762,38
02,Dohis,126,16
02,Dolignon,55,16
02,Dommiers,252,35
02,Domptin,420,92
02,Dorengt,171,16
02,Douchy,152,30
02,Dravegny,139,9
02,Droizy,66,12
02,Dury,181,23
02,Ebouleau,209,16
02,Effry,402,145
02,Englancourt,109,14
02,Epagny,339,31
02,Eparcy,42,6
02,Epaux-Bézu,433,22
02,Epieds,332,18
02,Epine-aux-Bois ,232,19
02,Eppes,359,47
02,Erlon,269,30
02,Erloy,139,19
02,Esquéhéries,1005,62
02,Essigny-le-Grand,1252,94
02,Essigny-le-Petit,399,88
02,Essises,325,44
02,Essômes-sur-Marne,2479,87
02,Estrées,434,62
02,Etampes-sur-Marne,1358,606
02,Etaves-et-Bocquiaux,636,46
02,Etouvelles,207,87
02,Etréaupont,966,55
02,Etreillers,1115,128
02,Etrépilly,87,17
02,Etreux,1754,169
02,Evergnicourt,548,60
02,Faucoucourt,246,33
02,Faverolles,308,22
02,Fayet,582,99
02,Fère ,2930,435
02,Fère-en-Tardenois,3168,155
02,Ferté-Chevresis ,626,26
02,Ferté-Milon ,2208,120
02,Fesmy-le-Sart,485,30
02,Festieux,449,67
02,Fieulaine,255,33
02,Filain,85,18
02,Flamengrie ,1073,41
02,Flavigny-le-Grand-et-Beaurain,466,34
02,Flavy-le-Martel,1563,122
02,Fleury,128,20
02,Fluquières,184,35
02,Folembray,1421,161
02,Fonsommes,545,57
02,Fontaine-lès-Clercs,260,49
02,Fontaine-lès-Vervins,838,42
02,Fontaine-Notre-Dame,424,36
02,Fontaine-Uterte,135,23
02,Fontenelle,265,25
02,Fontenelle-en-Brie,153,18
02,Fontenoy,541,60
02,Foreste,165,33
02,Fossoy,621,86
02,Fourdrain,390,41
02,Francilly-Selency,419,77
02,Franqueville,113,37
02,Fresnes-en-Tardenois,245,28
02,Fresnes,146,20
02,Fresnoy-le-Grand,3581,238
02,Fressancourt,163,65
02,Frières-Faillouël,775,51
02,Froidestrées,199,41
02,Froidmont-Cohartille,234,27
02,Gandelu,537,54
02,Gauchy,5736,919
02,Gercy,332,52
02,Gergny,150,26
02,Germaine,75,17
02,Gernicourt,59,8
02,Gibercourt,33,12
02,Gizy,652,64
02,Gland,503,89
02,Glennes,129,15
02,Goudelancourt-lès-Berrieux,65,12
02,Goudelancourt-lès-Pierrepont,129,15
02,Goussancourt,78,9
02,Gouy,641,36
02,Grandlup-et-Fay,329,16
02,Grandrieux,102,23
02,Gricourt,761,77
02,Grisolles,152,14
02,Gronard,79,11
02,Grougis,320,28
02,Grugies,948,187
02,Guignicourt,2008,113
02,Guise,5976,370
02,Guivry,229,32
02,Guny,508,55
02,Guyencourt,191,45
02,Hannapes,272,30
02,Happencourt,167,32
02,Haramont,518,42
02,Harcigny,275,36
02,Hargicourt,557,69
02,Harly,1892,503
02,Hartennes-et-Taux,355,56
02,Hary,221,20
02,Haucourt ,803,86
02,Hautevesnes,102,14
02,Hauteville,166,23
02,Haution,184,20
02,Hérie ,168,40
02,Hérie-la-Viéville ,197,21
02,Hinacourt,46,15
02,Hirson,10173,301
02,Holnon,1199,188
02,Homblières,1495,105
02,Houry,57,16
02,Housset,165,13
02,Iron,284,30
02,Itancourt,998,140
02,Iviers,195,26
02,Jaulgonne,587,330
02,Jeancourt,253,43
02,Jeantes,230,15
02,Joncourt,302,42
02,Jouaignes,133,17
02,Jumencourt,111,18
02,Jumigny,60,24
02,Jussy,1247,93
02,Juvigny,283,20
02,Juvincourt-et-Damary,392,13
02,Laffaux,144,21
02,Laigny,258,24
02,Lanchy,54,15
02,Landifay-et-Bertaignemont,312,16
02,Landouzy-la-Cour,194,19
02,Landouzy-la-Ville,578,37
02,Landricourt,92,16
02,Laniscourt,172,57
02,Laon,26490,630
02,Lappion,252,11
02,Largny-sur-Automne,244,26
02,Latilly,179,19
02,Launoy,63,7
02,Laval-en-Laonnois,202,45
02,Lavaqueresse,224,50
02,Laversine,84,12
02,Lemé,478,42
02,Lempire,127,48
02,Lerzy,209,18
02,Leschelles,305,21
02,Lesdins,855,80
02,Lesges,84,13
02,Lesquielles-St-Germain,832,51
02,Leuilly-sous-Coucy,415,33
02,Leury,135,37
02,Leuze,173,17
02,Levergies,601,78
02,Lhuys,106,21
02,Licy-Clignon,63,15
02,Lierval,107,28
02,Liesse-Notre-Dame,1395,140
02,Liez,492,90
02,Limé,155,28
02,Lislet,242,30
02,Lizy,193,52
02,Logny-lès-Aubenton,82,10
02,Longpont,298,27
02,Longueval-Barbonval,358,41
02,Lor,111,13
02,Louâtre,203,18
02,Loupeigne,95,13
02,Lucy-le-Bocage,141,18
02,Lugny,153,32
02,Luzoir,301,27
02,Ly-Fontaine,72,21
02,Maast-et-Violaine,157,14
02,Mâchecourt,105,10
02,Macogny,53,9
02,Macquigny,346,17
02,Magny-la-Fosse,160,44
02,Maissemy,157,19
02,Maizy,394,56
02,Malmaison ,337,13
02,Malzy,195,19
02,Manicamp,333,33
02,Marchais,364,24
02,Marchais-en-Brie,231,18
02,Marcy,178,24
02,Marcy-sous-Marle,235,54
02,Marest-Dampcourt,340,41
02,Mareuil-en-Dôle,181,21
02,Marfontaine,87,9
02,Margival,321,59
02,Marigny-en-Orxois,337,22
02,Marizy-Ste-Geneviève,98,13
02,Marizy-St-Mard,49,11
02,Marle,2669,194
02,Marly-Gomont,464,36
02,Martigny,457,27
02,Martigny-Courpierre,103,23
02,Mauregny-en-Haye,420,40
02,Mayot,182,53
02,Mennessis,372,71
02,Menneville,252,35
02,Mennevret,656,55
02,Mercin-et-Vaux,876,113
02,Merlieux-et-Fouquerolles,185,32
02,Merval,71,21
02,Mesbrecourt-Richecourt,354,39
02,Mesnil-St-Laurent,430,79
02,Meurival,51,18
02,Mézières-sur-Oise,569,59
02,Mézy-Moulins,370,83
02,Missy-aux-Bois,107,35
02,Missy-lès-Pierrepont,89,13
02,Missy-sur-Aisne,597,184
02,Molain,156,86
02,Molinchart,271,61
02,Monampteuil,123,21
02,Monceau-le-Neuf-et-Faucouzy,348,18
02,Monceau-lès-Leups,367,28
02,Monceau-le-Waast,259,48
02,Monceau-sur-Oise,127,22
02,Mondrepuis,1006,49
02,Monnes,84,17
02,Mons-en-Laonnois,999,244
02,Montaigu,673,29
02,Montbavin,42,8
02,Montbrehain,898,91
02,Montchâlons,65,10
02,Montcornet,1755,306
02,Mont-d'Origny,957,71
02,Montescourt-Lizerolles,1460,232
02,Montfaucon,163,11
02,Montgobert,194,17
02,Montgru-St-Hilaire,37,11
02,Monthenault,102,35
02,Monthiers,111,15
02,Monthurel,117,30
02,Montigny-en-Arrouaise,300,31
02,Montigny-l'Allier,202,20
02,Montigny-le-Franc,210,21
02,Montigny-Lengrain,585,51
02,Montigny-lès-Condé,52,11
02,Montigny-sous-Marle,77,11
02,Montigny-sur-Crécy,306,36
02,Montlevon,249,11
02,Montloué,196,13
02,Mont-Notre-Dame,617,62
02,Montreuil-aux-Lions,1001,77
02,Mont-St-Jean,82,21
02,Mont-St-Martin,37,6
02,Mont-St-Père,544,51
02,Morcourt,580,96
02,Morgny-en-Thiérache,110,16
02,Morsain,398,28
02,Mortefontaine,250,21
02,Mortiers,207,32
02,Moulins,86,54
02,Moussy-Verneuil,103,16
02,Moó-de-l'Aisne,1017,162
02,Muret-et-Crouttes,88,17
02,Muscourt,40,18
02,Nampcelles-la-Cour,141,13
02,Nampteuil-sous-Muret,102,30
02,Nanteuil-la-Fosse,147,20
02,Nanteuil-Notre-Dame,76,20
02,Nauroy,728,116
02,Nesles-la-Montagne,928,54
02,Neufchâtel-sur-Aisne,483,169
02,Neuflieux,93,49
02,Neuilly-St-Front,1993,111
02,Neuve-Maison,669,79
02,Neuville-Bosmont ,169,17
02,Neuville-en-Beine ,148,39
02,Neuville-Housset ,63,13
02,Neuville-lès-Dorengt ,359,33
02,Neuville-St-Amand,916,111
02,Neuville-sur-Ailette,71,16
02,Neuville-sur-Margival,58,16
02,Neuvillette,185,29
02,Nizy-le-Comte,268,8
02,Nogentel,1128,163
02,Nogent-l'Artaud,1852,77
02,Noircourt,101,19
02,Noroy-sur-Ourcq,91,18
02,Nouvion-en-Thiérache ,2905,60
02,Nouvion-et-Catillon,547,33
02,Nouvion-le-Comte,281,35
02,Nouvion-le-Vineux,188,53
02,Nouvron-Vingré,193,21
02,Noyales,153,21
02,Noyant-et-Aconin,481,105
02,OEuilly,215,75
02,Ognes,1169,190
02,Ohis,332,51
02,Oigny-en-Valois,188,16
02,Oisy,473,44
02,Ollezy,151,28
02,Omissy,754,106
02,Orainville,277,32
02,Orgeval,60,25
02,Origny-en-Thiérache,1557,94
02,Origny-Ste-Benoite,1822,78
02,Osly-Courtil,260,50
02,Ostel,96,11
02,Oulches-la-Vallée-Foulon,49,11
02,Oulchy-la-Ville,116,16
02,Oulchy-le-Château,856,57
02,Paars,180,35
02,Paissy,66,9
02,Pancy-Courtecon,56,9
02,Papleux,91,47
02,Parcy-et-Tigny,241,23
02,Parfondeval,177,16
02,Parfondru,303,33
02,Pargnan,35,15
02,Pargny-Filain,195,39
02,Pargny-la-Dhuys,156,12
02,Pargny-les-Bois,153,22
02,Parpeville,216,14
02,Pasly,1119,371
